﻿<?xml version="1.0" encoding="utf-8"?>
<Elements xmlns="http://schemas.microsoft.com/sharepoint/">
  <ListInstance Title="Departments"
                OnQuickLaunch="TRUE"
                TemplateType="10001"
                Url="Lists/Departments"
                Description="Monsanto Weekly Meeting - Departments">
    <Data>
      <Rows>
        <Row>
          <Field Name="Title">IT</Field>
          <Field Name="Responsible">1;#EUROPE-AFRICA\mverc</Field>
        </Row>
        <Row>
          <Field Name="Title">IT2</Field>
          <Field Name="Responsible">1;#EUROPE-AFRICA\mverc</Field>
        </Row>
        <Row>
          <Field Name="Title">IT3</Field>
          <Field Name="Responsible">1;#EUROPE-AFRICA\mverc</Field>
        </Row>
      </Rows>
    </Data>
  </ListInstance>
</Elements>
