﻿<?xml version="1.0" encoding="utf-8"?>
<Elements xmlns="http://schemas.microsoft.com/sharepoint/">
  <ListInstance Title="Configuration"
                OnQuickLaunch="TRUE"
                TemplateType="10003"
                Url="Lists/Configuration"
                Description="Monsanto Weekly Meeting - Configuration">
    <Data>
      <Rows>
        <Row>
          <Field Name="Title">Mail_SendExportMail</Field>
          <Field Name="Value">true</Field>
        </Row>
        <Row>
          <Field Name="Title">Mail_MonsantoSMTP</Field>
          <Field Name="Value">mail.monsanto.com</Field>
        </Row>
        <Row>
          <Field Name="Title">Mail_WeeklyMeetingEmail</Field>
          <Field Name="Value">sharepoint.weeklymeeting@monsanto.com</Field>
        </Row>
        <Row>
          <Field Name="Title">Mail_HTML_Header1</Field>
          <Field Name="Value">
            <![CDATA[
            <p class="MsoNormalHeader1" align="left" style="text-align:left"><span style="font-size:14.0pt;font-family:'Verdana','sans-serif';color:#26206B"><b>[HTMLHEADER]</b></span></p>
            ]]>
          </Field>
        </Row>
        <Row>
          <Field Name="Title">Mail_HTML_Header2</Field>
          <Field Name="Value">
            <![CDATA[
            <p class="MsoNormalHeader2" align="left" style="text-align:left"><span style="font-size:11.0pt;font-family:'Verdana','sans-serif';color:#26206B"><b>[HTMLHEADER]</b></span></p>
            ]]>
          </Field>
        </Row>
        <Row>
          <Field Name="Title">Mail_HTML_Header3</Field>
          <Field Name="Value">
            <![CDATA[
            <p class="MsoNormalHeader3" align="left" style="text-align:left"><span style="font-size:10.0pt;font-family:'Verdana','sans-serif';color:#26206B">[HTMLHEADER]</span></p><br/>
            ]]>
          </Field>
        </Row>
        <Row>
          <Field Name="Title">DateFormat</Field>
          <Field Name="Value">yyyyMMdd</Field>
        </Row>
        <Row>
          <Field Name="Title">DateFormat_Mail</Field>
          <Field Name="Value">yyyy-MM-dd</Field>
        </Row>
        <Row>
          <Field Name="Title">DateFormat_Word</Field>
          <Field Name="Value">yyyy-MM-dd</Field>
        </Row>
        <Row>
          <Field Name="Title">DateTimeFormat</Field>
          <Field Name="Value">yyyyMMdd_HHmm</Field>
        </Row>
        <Row>
          <Field Name="Title">StrMeetingPrefix</Field>
          <Field Name="Value">Meeting_</Field>
        </Row>
        <Row>
          <Field Name="Title">StrDocExtension</Field>
          <Field Name="Value">.docx</Field>
        </Row>
        <Row>
          <Field Name="Title">Label_OverviewHeader</Field>
          <Field Name="Value">Staff Meeting Agenda Items</Field>
        </Row>
        <Row>
          <Field Name="Title">Label_FormHeader</Field>
          <Field Name="Value">Staff Meeting Agenda Items</Field>
        </Row>
        <Row>
          <Field Name="Title">Message_DepartmentSelect</Field>
          <Field Name="Value">--- Selecteer afdeling ---</Field>
        </Row>
        <Row>
          <Field Name="Title">Label_Department</Field>
          <Field Name="Value">Afdeling</Field>
        </Row>
        <Row>
          <Field Name="Title">Label_Status</Field>
          <Field Name="Value">Status</Field>
        </Row>
        <Row>
          <Field Name="Title">Btn_Save</Field>
          <Field Name="Value">Opslaan</Field>
        </Row>
        <Row>
          <Field Name="Title">Btn_Edit</Field>
          <Field Name="Value">Editeer</Field>
        </Row>
        <Row>
          <Field Name="Title">Btn_Cancel</Field>
          <Field Name="Value">Sluiten</Field>
        </Row>
        <Row>
          <Field Name="Title">Btn_New_Input</Field>
          <Field Name="Value">Nieuwe afdeling input</Field>
        </Row>
        <Row>
          <Field Name="Title">Btn_Create_Report</Field>
          <Field Name="Value">Maak verslag</Field>
        </Row>
        <Row>
          <Field Name="Title">Btn_CloseConfirmation</Field>
          <Field Name="Value">Terug naar overzicht</Field>
        </Row>
        <Row>
          <Field Name="Title">Message_Confirmation_Form</Field>
          <Field Name="Value">Het formulier is opgeslagen!</Field>
        </Row>
        <Row>
          <Field Name="Title">Message_Confirmation_Export</Field>
          <Field Name="Value">Aanmaken verslag voltooid!</Field>
        </Row>
        <Row>
          <Field Name="Title">Message_No_Items</Field>
          <Field Name="Value">Geen agenda items gevonden</Field>
        </Row>
        <Row>
          <Field Name="Title">List_AgendaItems</Field>
          <Field Name="Value">Agenda Items</Field>
        </Row>
        <Row>
          <Field Name="Title">List_Departments</Field>
          <Field Name="Value">Departments</Field>
        </Row>
        <Row>
          <Field Name="Title">List_Topics</Field>
          <Field Name="Value">Topics</Field>
        </Row>
        <Row>
          <Field Name="Title">Lib_Templates</Field>
          <Field Name="Value">Templates</Field>
        </Row>
        <Row>
          <Field Name="Title">Lib_Documents</Field>
          <Field Name="Value">Reports</Field>
        </Row>
        <Row>
          <Field Name="Title">CAML_AgendaItems</Field>
          <Field Name="Value">
            <![CDATA[<Where><Neq><FieldRef Name='Status'/><Value Type='Choice'>Hidden</Value></Neq></Where>]]>
          </Field>
        </Row>
        <Row>
          <Field Name="Title">CAML_Departments</Field>
          <Field Name="Value">
            <![CDATA[<OrderBy><FieldRef Name='Title' Ascending='TRUE'/></OrderBy>]]>
          </Field>
        </Row>
        <Row>
          <Field Name="Title">CAML_Department</Field>
          <Field Name="Value">
            <![CDATA[<Where><Eq><FieldRef Name='Title'/><Value Type='Text'>{0}</Value></Eq></Where>]]>
          </Field>
        </Row>
        <Row>
          <Field Name="Title">CAML_Topics</Field>
          <Field Name="Value">
            <![CDATA[<OrderBy><FieldRef Name='Priority' Ascending='TRUE'/></OrderBy>]]>
          </Field>
        </Row>
        <Row>
          <Field Name="Title">CAML_Templates</Field>
          <Field Name="Value">
            <![CDATA[<Where><Eq><FieldRef Name='FileLeafRef' /><Value Type='Text'>AgendaTemplate.docx</Value></Eq></Where>]]>
          </Field>
        </Row>
        <Row>
          <Field Name="Title">CAML_Templates_Viewfields</Field>
          <Field Name="Value">
            <![CDATA[<FieldRef Name='FileLeafRef' />]]>
          </Field>
        </Row>
        <Row>
          <Field Name="Title">CAML_Documents</Field>
          <Field Name="Value">
            <![CDATA[<Where><Eq><FieldRef Name='FileLeafRef' /><Value Type='Text'>{0}</Value></Eq></Where>]]>
          </Field>
        </Row>
        <Row>
          <Field Name="Title">CAML_Documents_Viewfields</Field>
          <Field Name="Value">
            <![CDATA[<FieldRef Name='FileLeafRef' />]]>
          </Field>
        </Row>
        <Row>
          <Field Name="Title">WORD_Header</Field>
          <Field Name="Value">
            <![CDATA[IT Meeting - Verslag ]]>
          </Field>
        </Row>
        <Row>
          <Field Name="Title">DocHeader_BasedOn</Field>
          <Field Name="Value">Heading0</Field>
        </Row>
        <Row>
          <Field Name="Title">DocHeader_NextParagraphStyle</Field>
          <Field Name="Value">Normal</Field>
        </Row>
        <Row>
          <Field Name="Title">DocHeader_Color</Field>
          <Field Name="Value"></Field>
        </Row>
        <Row>
          <Field Name="Title">DocHeader_Font</Field>
          <Field Name="Value">Arial</Field>
        </Row>
        <Row>
          <Field Name="Title">DocHeader_FontSize</Field>
          <Field Name="Value">32</Field>
        </Row>
        <Row>
          <Field Name="Title">DocHeader_Prefix</Field>
          <Field Name="Value"></Field>
        </Row>
        <Row>
          <Field Name="Title">TopicHeading_BasedOn</Field>
          <Field Name="Value">Heading0</Field>
        </Row>
        <Row>
          <Field Name="Title">TopicHeading_NextParagraphStyle</Field>
          <Field Name="Value">Normal</Field>
        </Row>
        <Row>
          <Field Name="Title">TopicHeading_Color</Field>
          <Field Name="Value">4169e1</Field>
        </Row>
        <Row>
          <Field Name="Title">TopicHeading_Font</Field>
          <Field Name="Value">Arial</Field>
        </Row>
        <Row>
          <Field Name="Title">TopicHeading_FontSize</Field>
          <Field Name="Value">28</Field>
        </Row>
        <Row>
          <Field Name="Title">TopicHeading_Prefix</Field>
          <Field Name="Value"></Field>
        </Row>
        <Row>
          <Field Name="Title">DepartmentHeading_BasedOn</Field>
          <Field Name="Value">Heading1</Field>
        </Row>
        <Row>
          <Field Name="Title">DepartmentHeading_NextParagraphStyle</Field>
          <Field Name="Value">Normal</Field>
        </Row>
        <Row>
          <Field Name="Title">DepartmentHeading_Color</Field>
          <Field Name="Value">4169e1</Field>
        </Row>
        <Row>
          <Field Name="Title">DepartmentHeading_Font</Field>
          <Field Name="Value">Arial</Field>
        </Row>
        <Row>
          <Field Name="Title">DepartmentHeading_FontSize</Field>
          <Field Name="Value">24</Field>
        </Row>
        <Row>
          <Field Name="Title">DepartmentHeading_Prefix</Field>
          <Field Name="Value"></Field>
        </Row>
        <Row>
          <Field Name="Title">FontAwesomeCDN</Field>
          <Field Name="Value">https://maxcdn.bootstrapcdn.com/font-awesome/4.5.0/css/font-awesome.min.css</Field>
        </Row>
        <Row>
          <Field Name="Title">BootstrapCssCDN</Field>
          <Field Name="Value">http://stlwspidvmdev39:9050/test/apps/Style Library/bootstrap/styles/bootstrap.css</Field>
        </Row>
        <Row>
          <Field Name="Title">BootstrapCssThemeCDN</Field>
          <Field Name="Value"></Field>
        </Row>
        <Row>
          <Field Name="Title">BootstrapScriptCDN</Field>
          <Field Name="Value">http://stlwspidvmdev39:9050/test/apps/Style Library/bootstrap/scripts/bootstrap.js</Field>
        </Row>
        <Row>
          <Field Name="Title">MailTemplate_Path_Monsanto_Logo</Field>
          <Field Name="Value">/Templates/monsanto-logo-header-small.png</Field>
        </Row>
        <Row>
          <Field Name="Title">MailTemplate_Path_Main</Field>
          <Field Name="Value">/Templates/MailTemplate.htm</Field>
        </Row>
        <Row>
          <Field Name="Title">DocHeader_EnableLogo</Field>
          <Field Name="Value">true</Field>
        </Row>
        <Row>
          <Field Name="Title">Dlg_CloseFunction</Field>
          <Field Name="Value">closeForm();return false;</Field>
        </Row>
        <Row>
          <Field Name="Title">Form_EditURL</Field>
          <Field Name="Value">
            <![CDATA[{0}/_layouts/Monsanto.WeeklyMeeting/Form.aspx?mode=edit&ID={1}&SOURCE={2}]]>
          </Field>
        </Row>
        <Row>
          <Field Name="Title">Form_NewURL</Field>
          <Field Name="Value">
            <![CDATA[{0}/_layouts/Monsanto.WeeklyMeeting/Form.aspx?mode=new&SOURCE={1}]]>
          </Field>
        </Row>
        <Row>
          <Field Name="Title">Form_ExportURL</Field>
          <Field Name="Value">
            <![CDATA[{0}/_layouts/Monsanto.WeeklyMeeting/Export.aspx?ITEMIDS={1}&LISTID={2}&SOURCE={3}]]>
          </Field>
        </Row>
        <Row>
          <Field Name="Title">Col_Edit</Field>
          <Field Name="Value">Editeer</Field>
        </Row>
        <Row>
          <Field Name="Title">Col_Department</Field>
          <Field Name="Value">Afdeling</Field>
        </Row>
        <Row>
          <Field Name="Title">Col_Created</Field>
          <Field Name="Value">Creatie datum</Field>
        </Row>
        <Row>
          <Field Name="Title">Col_CreatedBy</Field>
          <Field Name="Value">Auteur</Field>
        </Row>
          <Row>
            <Field Name="Title">Grid_ImgURL</Field>
            <Field Name="Value">
              <![CDATA[{0}/Style Library/bootstrap/images/edit_16x16.png]]>
            </Field>
          </Row>
        <Row>
          <Field Name="Title">Use_Doc_Template</Field>
          <Field Name="Value">false</Field>
        </Row>
      </Rows>
    </Data>
  </ListInstance>
</Elements>
