﻿<?xml version="1.0" encoding="utf-8"?>
<Solution xmlns="http://schemas.microsoft.com/sharepoint/" SolutionId="7b0d1ea4-795b-4080-94cf-713d51df7bed" SharePointProductVersion="14.0">
  <Assemblies>
    <Assembly Location="Monsanto.AntwerpITRequisition.dll" DeploymentTarget="GlobalAssemblyCache">
      <SafeControls>
        <SafeControl Assembly="Monsanto.AntwerpITRequisition, Version=1.0.0.0, Culture=neutral, PublicKeyToken=44f218fd772fed57" Namespace="Monsanto.AntwerpITRequisition.AntwerpITRequisitionWebpart" TypeName="*" />
      </SafeControls>
    </Assembly>
  </Assemblies>
  <TemplateFiles>
    <TemplateFile Location="CONTROLTEMPLATES\AntwerpITRequisition\AntwerpITRequisitionWebpart\AntwerpITRequisitionWebpartUserControl.ascx" />
    <TemplateFile Location="Layouts\AntwerpITRequisition\images\monsantoHeader.png" />
    <TemplateFile Location="Layouts\AntwerpITRequisition\testscript.js" />
    <TemplateFile Location="CONTROLTEMPLATES\AntwerpITRequisition\CatalogControl.ascx" />
    <TemplateFile Location="CONTROLTEMPLATES\AntwerpITRequisition\ITRequisitionForm.ascx" />
    <TemplateFile Location="CONTROLTEMPLATES\AntwerpITRequisition\OverviewControl.ascx" />
  </TemplateFiles>
  <FeatureManifests>
    <FeatureManifest Location="Monsanto.AntwerpITRequisition_AntwerpITRequisitionFeature\Feature.xml" />
  </FeatureManifests>
</Solution>