<?xml version="1.0" encoding="utf-8"?>
<Solution xmlns="http://schemas.microsoft.com/sharepoint/" SolutionId="e6ebb361-884e-4efc-b585-8b9919ad19ee" SharePointProductVersion="14.0">
  <Assemblies>
    <Assembly Location="Monsanto.WasteManagement.dll" DeploymentTarget="GlobalAssemblyCache">
      <SafeControls>
        <SafeControl Assembly="Monsanto.WasteManagement, Version=1.0.0.0, Culture=neutral, PublicKeyToken=aa6340c07eaef753" Namespace="Monsanto.WasteManagement.WasteManagementWebPart" TypeName="*" />
      </SafeControls>
    </Assembly>
  </Assemblies>
  <TemplateFiles>
    <TemplateFile Location="CONTROLTEMPLATES\Monsanto.WasteManagement\WasteManagementWebPart\WasteManagementUserControl.ascx" />
    <TemplateFile Location="ControlTemplates\Monsanto.WasteManagement\AttachmentControl.ascx" />
    <TemplateFile Location="ControlTemplates\Monsanto.WasteManagement\ButtonControl.ascx" />
    <TemplateFile Location="ControlTemplates\Monsanto.WasteManagement\ChangeLogControl.ascx" />
    <TemplateFile Location="ControlTemplates\Monsanto.WasteManagement\DepartmentControl.ascx" />
    <TemplateFile Location="ControlTemplates\Monsanto.WasteManagement\LegeRecipientenControl.ascx" />
    <TemplateFile Location="ControlTemplates\Monsanto.WasteManagement\TicketControl.ascx" />
    <TemplateFile Location="ControlTemplates\Monsanto.WasteManagement\WasteDisposalControl.ascx" />
    <TemplateFile Location="Layouts\Monsanto.WasteManagement\css\bootstrap-theme.min.css" />
    <TemplateFile Location="Layouts\Monsanto.WasteManagement\css\bootstrap.min.css" />
    <TemplateFile Location="Layouts\Monsanto.WasteManagement\css\font-awesome.min.css" />
    <TemplateFile Location="Layouts\Monsanto.WasteManagement\css\images\animated-overlay.gif" />
    <TemplateFile Location="Layouts\Monsanto.WasteManagement\css\images\ui-bg_flat_0_aaaaaa_40x100.png" />
    <TemplateFile Location="Layouts\Monsanto.WasteManagement\css\images\ui-bg_flat_75_ffffff_40x100.png" />
    <TemplateFile Location="Layouts\Monsanto.WasteManagement\css\images\ui-bg_glass_55_fbf9ee_1x400.png" />
    <TemplateFile Location="Layouts\Monsanto.WasteManagement\css\images\ui-bg_glass_65_ffffff_1x400.png" />
    <TemplateFile Location="Layouts\Monsanto.WasteManagement\css\images\ui-bg_glass_75_dadada_1x400.png" />
    <TemplateFile Location="Layouts\Monsanto.WasteManagement\css\images\ui-bg_glass_75_e6e6e6_1x400.png" />
    <TemplateFile Location="Layouts\Monsanto.WasteManagement\css\images\ui-bg_glass_95_fef1ec_1x400.png" />
    <TemplateFile Location="Layouts\Monsanto.WasteManagement\css\images\ui-bg_highlight-soft_75_cccccc_1x100.png" />
    <TemplateFile Location="Layouts\Monsanto.WasteManagement\css\images\ui-icons_222222_256x240.png" />
    <TemplateFile Location="Layouts\Monsanto.WasteManagement\css\images\ui-icons_2e83ff_256x240.png" />
    <TemplateFile Location="Layouts\Monsanto.WasteManagement\css\images\ui-icons_454545_256x240.png" />
    <TemplateFile Location="Layouts\Monsanto.WasteManagement\css\images\ui-icons_888888_256x240.png" />
    <TemplateFile Location="Layouts\Monsanto.WasteManagement\css\images\ui-icons_cd0a0a_256x240.png" />
    <TemplateFile Location="Layouts\Monsanto.WasteManagement\css\jquery-ui.css" />
    <TemplateFile Location="Layouts\Monsanto.WasteManagement\Historiek.aspx" />
    <TemplateFile Location="Layouts\Monsanto.WasteManagement\js\bootstrap.min.js" />
    <TemplateFile Location="Layouts\Monsanto.WasteManagement\js\jquery-1.12.3.min.js" />
    <TemplateFile Location="Layouts\Monsanto.WasteManagement\js\jquery-ui-1.10.0.custom.js" />
    <TemplateFile Location="Layouts\Monsanto.WasteManagement\Overzicht.aspx" />
    <TemplateFile Location="Layouts\Monsanto.WasteManagement\Transport.aspx" />
    <TemplateFile Location="Layouts\Monsanto.WasteManagement\Uitschrijven.aspx" />
  </TemplateFiles>
  <FeatureManifests>
    <FeatureManifest Location="Monsanto.WasteManagement_WasteManagementFeature\Feature.xml" />
  </FeatureManifests>
</Solution>
