﻿<?xml version="1.0" encoding="utf-8"?>
<List xmlns:ows="Microsoft SharePoint" Title="Monsanto.WeeklyMeeting - DepartmentTemplate" 
      EnableContentTypes="TRUE" FolderCreation="FALSE" Direction="$Resources:Direction;" 
      Url="Lists/Monsanto.WeeklyMeeting-DepartmentTemplate" BaseType="0" xmlns="http://schemas.microsoft.com/sharepoint/">
  <MetaData>
    <ContentTypes>
      <ContentType ID="0x01000a32a1acdb2244ee8b72a4b7ede3bbf8" Name="Monsanto.WeeklyMeeting - DepartmentContentType" Group="IT Meeting Group" 
                   Description="DepartmentContentType" Inherits="FALSE" Version="0">
        <FieldRefs>
          <FieldRef ID="{fa564e0f-0c70-4ab9-b863-0177e6ddd247}" Name="LinkTitle" DisplayName="Title" ShowInEditForm="TRUE" ShowInDisplayForm="TRUE" ShowInNewForm="TRUE"></FieldRef>
          <FieldRef ID="{AC782FA4-AC07-46FD-896E-9F75B8733643}" Name="Responsible" DisplayName="Responsible" Required="TRUE" />
        </FieldRefs>
      </ContentType>
    </ContentTypes>
    <Fields>
      <Field ID="{AC782FA4-AC07-46FD-896E-9F75B8733643}" Type="User" Name="Responsible" ShowField="Title" UserSelectionMode="PeopleOnly" DisplayName="Responsible" Group="IT Meeting Group"></Field>
    </Fields>
    <Views>
      <View BaseViewID="0" Type="HTML" MobileView="TRUE" TabularView="FALSE">
        <Toolbar Type="Standard" />
        <XslLink Default="TRUE">main.xsl</XslLink>
        <RowLimit Paged="TRUE">30</RowLimit>
        <ViewFields>
          <FieldRef Name="LinkTitleNoMenu"></FieldRef>
          <FieldRef Name="Responsible"></FieldRef>
        </ViewFields>
        <Query>
          <OrderBy>
            <FieldRef Name="Modified" Ascending="FALSE"></FieldRef>
          </OrderBy>
        </Query>
        <ParameterBindings>
          <ParameterBinding Name="AddNewAnnouncement" Location="Resource(wss,addnewitem)" />
          <ParameterBinding Name="NoAnnouncements" Location="Resource(wss,noXinviewofY_LIST)" />
          <ParameterBinding Name="NoAnnouncementsHowTo" Location="Resource(wss,noXinviewofY_ONET_HOME)" />
        </ParameterBindings>
      </View>
      <View BaseViewID="1" Type="HTML" WebPartZoneID="Main" DisplayName="$Resources:core,objectiv_schema_mwsidcamlidC24;" DefaultView="TRUE" MobileView="TRUE" MobileDefaultView="TRUE" SetupPath="pages\viewpage.aspx" ImageUrl="/_layouts/images/generic.png" Url="AllItems.aspx">
        <Toolbar Type="Standard" />
        <XslLink Default="TRUE">main.xsl</XslLink>
        <RowLimit Paged="TRUE">30</RowLimit>
        <ViewFields>
          <FieldRef Name="LinkTitle"></FieldRef>
          <FieldRef Name="Responsible"></FieldRef>
        </ViewFields>
        <Query>
          <OrderBy>
            <FieldRef Name="LinkTitle"></FieldRef>
          </OrderBy>
        </Query>
        <ParameterBindings>
          <ParameterBinding Name="NoAnnouncements" Location="Resource(wss,noXinviewofY_LIST)" />
          <ParameterBinding Name="NoAnnouncementsHowTo" Location="Resource(wss,noXinviewofY_DEFAULT)" />
        </ParameterBindings>
      </View>
    </Views>
    <Forms>
      <Form Type="DisplayForm" Url="DispForm.aspx" SetupPath="pages\form.aspx" WebPartZoneID="Main" />
      <Form Type="EditForm" Url="EditForm.aspx" SetupPath="pages\form.aspx" WebPartZoneID="Main" />
      <Form Type="NewForm" Url="NewForm.aspx" SetupPath="pages\form.aspx" WebPartZoneID="Main" />
    </Forms>
  </MetaData>
</List>