﻿<?xml version="1.0" encoding="utf-8"?>
<Solution xmlns="http://schemas.microsoft.com/sharepoint/" SolutionId="6b8a3fbc-6583-463b-a22a-3d1d71600093" SharePointProductVersion="14.0">
  <Assemblies>
    <Assembly Location="Monsanto.Monsanto50.dll" DeploymentTarget="GlobalAssemblyCache">
      <SafeControls>
        <SafeControl Assembly="Monsanto.Monsanto50, Version=1.0.0.0, Culture=neutral, PublicKeyToken=664b04779aa976f1" Namespace="Monsanto.Monsanto50.RegistrationWebpart" TypeName="*" />
        <SafeControl Assembly="Monsanto.Monsanto50, Version=1.0.0.0, Culture=neutral, PublicKeyToken=664b04779aa976f1" Namespace="Monsanto.Monsanto50.ContactWebpart" TypeName="*" />
      </SafeControls>
    </Assembly>
  </Assemblies>
  <TemplateFiles>
    <TemplateFile Location="CONTROLTEMPLATES\Monsanto.Monsanto50\RegistrationWebpart\RegistrationWebpartUserControl.ascx" />
    <TemplateFile Location="CONTROLTEMPLATES\Monsanto.Monsanto50\ContactWebpart\ContactWebpartUserControl.ascx" />
    <TemplateFile Location="Layouts\Monsanto.Monsanto50\ResendTicket.aspx" />
    <TemplateFile Location="Layouts\Monsanto.Monsanto50\UserNotify.aspx" />
  </TemplateFiles>
  <FeatureManifests>
    <FeatureManifest Location="Monsanto_Monsanto50Feature\Feature.xml" />
  </FeatureManifests>
</Solution>