﻿<?xml version="1.0" encoding="utf-8"?>
<List xmlns:ows="Microsoft SharePoint" Title="Monsanto.WeeklyMeeting - AgendaItemsTemplate" 
      EnableContentTypes="TRUE" FolderCreation="FALSE" Direction="$Resources:Direction;" 
      Url="Lists/Monsanto.WeeklyMeeting-AgendaItemsTemplate" BaseType="0" xmlns="http://schemas.microsoft.com/sharepoint/" NavigateForFormsPages="TRUE">
  <MetaData>
    <ContentTypes>
      <ContentType ID="0x01000a32a1acdb2244ee8b72a4b7ede3bbf6" Name="Monsanto.WeeklyMeeting - AgendaContentType" Group="IT Meeting Group" Description="AgendaContentType" Inherits="TRUE" Version="0">
        <FieldRefs>
          <FieldRef ID="{A10A0D2D-492C-4086-A384-2F76CCD2023C}" Name="Afdeling" DisplayName="Afdeling" Required="FALSE" />
          <FieldRef ID="{4F52B64A-41A2-45DD-82F8-ED0ADAFB931B}" Name="AfdelingID" DisplayName="AfdelingID" Required="FALSE" />
          <FieldRef ID="{8E4407A4-8E67-4765-BC9E-B1E1F943CE8C}" Name="Data" DisplayName="Data" Required="FALSE" />
          <FieldRef ID="{6F921019-E0A1-4E80-88B3-2E31E6B48BC9}" Name="Responsible" DisplayName="Responsible" Required="FALSE" />
          <FieldRef ID="{60E86D51-F17B-49BB-81B4-13F11F24F7DC}" Name="Status" DisplayName="Status" Required="FALSE" />
        </FieldRefs>
        <XmlDocuments>
          <XmlDocument NamespaceURI ="http://schemas.microsoft.com/sharepoint/v3/contenttype/forms/url">
            <FormUrls xmlns="http://schemas.microsoft.com/sharepoint/v3/contenttype/forms/url">
              <Display>_layouts/Monsanto.WeeklyMeeting/Form.aspx?mode=display</Display>
              <Edit>_layouts/Monsanto.WeeklyMeeting/Form.aspx?mode=edit</Edit>
              <New>_layouts/Monsanto.WeeklyMeeting/Form.aspx?mode=new</New>
            </FormUrls>
          </XmlDocument>
        </XmlDocuments>
      </ContentType>
    </ContentTypes>
    <Fields>
      <Field ID="{A10A0D2D-492C-4086-A384-2F76CCD2023C}" Type="Text" Name="Afdeling" DisplayName="Afdeling" Group="IT Meeting Group"></Field>
      <Field ID="{4F52B64A-41A2-45DD-82F8-ED0ADAFB931B}" Type="Number" Name="AfdelingID" DisplayName="AfdelingID" Group="IT Meeting Group"></Field>
      <Field ID="{8e4407a4-8e67-4765-bc9e-b1e1f943ce8c}" Type="Note" Name="Data" DisplayName="Data" Group="IT Meeting Group"></Field>
      <Field ID="{6F921019-E0A1-4E80-88B3-2E31E6B48BC9}" Type="User" Name="Responsible" ShowField="Title" UserSelectionMode="PeopleOnly" DisplayName="Responsible" Group="IT Meeting Group"></Field>
      <Field ID="{60E86D51-F17B-49BB-81B4-13F11F24F7DC}" Type="Choice" FillInChoice="FALSE" Format= "Dropdown" Name="Status" DisplayName="Status" Group="IT Meeting Group">
        <CHOICES>
          <CHOICE>New</CHOICE>
          <CHOICE>ReadyForHiding</CHOICE>
          <CHOICE>Hidden</CHOICE>
        </CHOICES>
        <Default>New</Default>
      </Field> 
    </Fields>
    <Views>
      <View BaseViewID="0" Type="HTML" MobileView="TRUE" TabularView="FALSE">
        <Toolbar Type="Standard" />
        <XslLink Default="TRUE">main.xsl</XslLink>
        <RowLimit Paged="TRUE">30</RowLimit>
        <ViewFields>
          <FieldRef Name="LinkTitleNoMenu">
          </FieldRef>
        </ViewFields>
        <Query>
          <OrderBy>
            <FieldRef Name="Modified" Ascending="FALSE">
            </FieldRef>
          </OrderBy>
        </Query>
        <ParameterBindings>
          <ParameterBinding Name="AddNewAnnouncement" Location="Resource(wss,addnewitem)" />
          <ParameterBinding Name="NoAnnouncements" Location="Resource(wss,noXinviewofY_LIST)" />
          <ParameterBinding Name="NoAnnouncementsHowTo" Location="Resource(wss,noXinviewofY_ONET_HOME)" />
        </ParameterBindings>
      </View>
      <View BaseViewID="1" Type="HTML" WebPartZoneID="Main" DisplayName="$Resources:core,objectiv_schema_mwsidcamlidC24;" 
            DefaultView="TRUE" MobileView="TRUE" MobileDefaultView="TRUE" SetupPath="pages\viewpage.aspx" 
            ImageUrl="/_layouts/images/generic.png" Url="AllItems.aspx">
        <Toolbar Type="Standard"/>
        <XslLink Default="TRUE">main.xsl</XslLink>
        <RowLimit Paged="TRUE">30</RowLimit>
        <ViewFields>
          <FieldRef Name="Edit"></FieldRef>
          <FieldRef Name="Afdeling"></FieldRef>
          <FieldRef Name="Data"></FieldRef>
          <FieldRef Name="Created"></FieldRef>
          <FieldRef Name="Author"></FieldRef>
        </ViewFields>
        <Query>
          <OrderBy>
            <FieldRef Name="ID">
            </FieldRef>
          </OrderBy>
        </Query>
        <ParameterBindings>
          <ParameterBinding Name="NoAnnouncements" Location="Resource(wss,noXinviewofY_LIST)" />
          <ParameterBinding Name="NoAnnouncementsHowTo" Location="Resource(wss,noXinviewofY_DEFAULT)" />
        </ParameterBindings>
        <Xsl>
         
        </Xsl>
      </View>
      <View BaseViewID="2" Type="HTML" WebPartZoneID="Main" DisplayName="Home"
            DefaultView="FALSE" MobileView="TRUE" MobileDefaultView="TRUE" SetupPath="pages\viewpage.aspx"
            ImageUrl="/_layouts/images/generic.png" Url="Home.aspx">
        <Toolbar Type="Standard"/>
        <XslLink Default="TRUE">main.xsl</XslLink>
        <RowLimit Paged="TRUE">30</RowLimit>
        <ViewFields>
          <FieldRef Name="Edit"></FieldRef>
          <FieldRef Name="Afdeling"></FieldRef>
          <FieldRef Name="Created"></FieldRef>
          <FieldRef Name="Author"></FieldRef>
        </ViewFields>
        <Query>
          <Where>
            <Neq>
              <FieldRef Name="Status"/>
              <Value Type="Choice">Hidden</Value>
            </Neq>
          </Where>
          <OrderBy>
            <FieldRef Name="ID">
            </FieldRef>
          </OrderBy>
        </Query>
        <ParameterBindings>
          <ParameterBinding Name="NoAnnouncements" Location="Resource(wss,noXinviewofY_LIST)" />
          <ParameterBinding Name="NoAnnouncementsHowTo" Location="Resource(wss,noXinviewofY_DEFAULT)" />
        </ParameterBindings>
        <Xsl>

        </Xsl>
      </View>
    </Views>
    <Forms>
      <Form Type="DisplayForm" Url="DispForm.aspx" SetupPath="pages\form.aspx" WebPartZoneID="Main" />
      <Form Type="EditForm" Url="EditForm.aspx" SetupPath="pages\form.aspx" WebPartZoneID="Main" />
      <Form Type="NewForm" Url="NewForm.aspx" SetupPath="pages\form.aspx" WebPartZoneID="Main" />
    </Forms>
  </MetaData>
</List>