﻿<?xml version="1.0" encoding="utf-8"?>
<Solution xmlns="http://schemas.microsoft.com/sharepoint/" SolutionId="4cdbe33f-5da5-4071-a946-d4de77fa007c" ResetWebServer="TRUE" SharePointProductVersion="14.0">
  <TemplateFiles>
    <TemplateFile Location="CONTROLTEMPLATES\TaxiAntwerp\TaxiAntwerpWebpart\TaxiAntwerpWebpartUserControl.ascx" />
    <TemplateFile Location="ControlTemplates\TaxiAntwerp\OverviewControl.ascx" />
    <TemplateFile Location="ControlTemplates\TaxiAntwerp\PreviewControl.ascx" />
    <TemplateFile Location="ControlTemplates\TaxiAntwerp\RequestControl.ascx" />
    <TemplateFile Location="ControlTemplates\TaxiAntwerp\StopoverControl.ascx" />
    <TemplateFile Location="ControlTemplates\TaxiAntwerp\TaxiForm.ascx" />
    <TemplateFile Location="ControlTemplates\TaxiAntwerp\TravellerControl.ascx" />
    <TemplateFile Location="Layouts\TaxiAntwerp\images\Bayer1.png" />
    <TemplateFile Location="Layouts\TaxiAntwerp\images\monsantoHeader.png" />
    <TemplateFile Location="Layouts\TaxiAntwerp\images\MonsantoOfficialBlack.png" />
    <TemplateFile Location="Layouts\TaxiAntwerp\PDF.aspx" />
  </TemplateFiles>
  <FeatureManifests>
    <FeatureManifest Location="Monsanto.TaxiAntwerp_TaxiAntwerpFeature\Feature.xml" />
  </FeatureManifests>
</Solution>